time,open,high,low,close,21 SMMA,50 SMMA,100 SMMA,200 SMMA,EMA(2),Buy,Sell,Conversion Line,Base Line,Lagging Span,Leading Span A,Leading Span B,SuperTrend,Supertrend HTF,Supertrend HTF Trend Up,Supertrend HTF Trend Down,Volume,Volume MA,3 Line Strike Up,ATR
878511600,21.18,21.35,18.96,19.15,20.31685582301529,20.36482992395969,20.973226890351526,NaN,19.75271123356002,0,0,20.78,21.784999999999997,25.75,NaN,NaN,19.361545213091134,19.945898050469268,NaN,NaN,765808,911359.9,0,2.4599474715362954
880930800,18.7,19,17.5,17.64,20.189386498109798,20.310333325480496,20.939894621448012,NaN,18.34423707785334,0,0,20.325,21.909999999999997,27.62,NaN,NaN,24.42745572067651,20.41783871868773,NaN,20.41783871868773,748499,900205.8,0,2.402094080712274
883609200,17.68,18.06,15.7,17.21,20.047510950580758,20.248326658970885,20.902595675233535,NaN,17.588079025951114,0,0,19.424999999999997,21.22,30.45,NaN,NaN,23.224851805209802,18.659076870723318,NaN,NaN,1157394,909163.4,0,2.3990873606613974
886374000,16.78,17.2,15.2,15.44,19.82810566721977,20.152160125791468,20.8479697184812,NaN,16.156026341983704,0,0,19.174999999999997,20.97,26.9,NaN,NaN,22.487228569637654,18.659076870723318,NaN,NaN,945070,917492.45,0,2.3712954063284406
888793200,15.59,17.5,12.8,15.61,19.62724349259026,20.06131692327564,20.795590021296388,NaN,15.792008780661234,0,0,17.975,19.77,25.8,NaN,NaN,21.431043765007797,16.539453768028594,NaN,NaN,1354735,946141.3,0,2.5376314487335523
891385200,15.77,16.57,14.95,15.39,19.425469992943103,19.967890584810128,20.741534121083422,NaN,15.524002926887079,0,0,17.975,19.77,29.1,NaN,NaN,21.431043765007797,16.539453768028594,NaN,NaN,1169652,964691.6,0,2.4720863452525847
893973600,15.5,16.3,14.13,15.2,19.224257136136288,19.872532773113925,20.686118779872587,NaN,15.308000975629026,0,0,17.975,19.77,32.43,NaN,NaN,20.84637909265879,16.386627251999407,NaN,NaN,1189954,985697.25,0,2.4505087491631143
896652000,15.03,15.56,11.42,14.18,18.984054415367893,19.758682117651645,20.62105759207386,NaN,14.556000325209675,0,0,17.285,19.08,27.45,NaN,NaN,19.555589394437423,16.0315945990627,NaN,NaN,1291427,1004382.4,0,2.5711866956514635
899244000,14.2,15,13.55,14.21,18.756718490826565,19.647708475298614,20.55694701615312,NaN,14.325333441736559,0,0,16.385,19.08,33.1,NaN,NaN,19.555589394437423,15.862333194848299,NaN,NaN,1129787,1021406.65,0,2.491101931676359
902095200,14.1,14.25,12.56,13.34,18.498779515072915,19.52155430579264,20.48477754599159,NaN,13.668444480578852,0,0,15.21,19.08,30.86,NaN,NaN,18.900780528778554,15.143292430105204,NaN,NaN,1093719,1040350.85,0,2.4338803651280476
904600800,13.25,16.2,13.2,16.14,18.386456681021823,19.45392321967679,20.441329770531677,NaN,15.31614816019295,0,0,14.739999999999997,19.08,32.69,NaN,NaN,18.900780528778554,14.236168167598088,NaN,NaN,1253489,1053352.05,0,2.474317481904616
907192800,16.25,16.36,13.28,14.42,18.197577791449355,19.353244755283253,20.38111647282636,NaN,14.71871605339765,0,0,14.46,19.08,33.8,NaN,NaN,18.900780528778554,14.928434651834138,14.928434651834138,NaN,1298738,1074382.5,0,2.517580518911429
909961200,14.5,14.74,10.82,11.22,17.865312182332723,19.19057986017759,20.289505308098096,NaN,12.386238684465884,0,0,14.16,18.78,26.8,NaN,NaN,18.750152682560813,15.211138760819187,NaN,15.211138760819187,1174534,1085813.3,0,2.6177533389891843
912466800,11.17,12.6,10.65,12.05,17.588392554602596,19.047768262974035,20.207110255017113,NaN,12.162079561488628,0,0,13.61,18.695,28.7,NaN,NaN,18.221017257384958,13.032465544338146,NaN,NaN,1233118,1098326.05,0,2.570056671918528
915145200,12.2,13.75,11.83,12.78,17.3594214805739,18.92241289771455,20.132839152466943,NaN,12.57402652049621,0,0,13.504999999999999,18.695,27.42,NaN,NaN,18.221017257384958,12.626294887542858,NaN,NaN,1259130,1112362.55,0,2.523624052495776
917823600,12.8,12.92,11.3,12.28,17.117544267213237,18.78956463976026,20.054310760942272,NaN,12.378008840165403,0,0,13.504999999999999,18.695,26.4,NaN,NaN,17.510277299622576,12.626294887542858,NaN,NaN,1111095,1119664.1,0,2.459079477317506
920242800,12.37,17.05,12.17,16.73,17.09908977829832,18.748373346965057,20.02106765333285,NaN,15.279336280055134,0,0,13.850000000000003,17.54,28.46,NaN,NaN,17.510277299622576,12.626294887542858,NaN,NaN,1720546,1154844.7,0,2.632002371794827
922921200,16.4,18.83,15.61,18.66,17.173418836474593,18.746605880025754,20.00745697679952,NaN,17.53311209335171,0,0,14.739999999999998,16.9,28.37,NaN,NaN,17.510277299622576,15.089196229920287,15.089196229920287,NaN,1490870,1179088.15,0,2.674002202380911
925682400,18.5,19.05,16.71,16.84,17.15754174902342,18.70847376242524,19.975782407031524,NaN,17.07103736445057,0,0,14.850000000000003,16.9,26.25,NaN,NaN,10.50550232924012,17.20021689767519,NaN,NaN,1415837,1199276.35,0,2.650144902210845
928188000,16.6,19.4,16.2,19.35,17.26194452287945,18.721304287176736,19.969524582961206,NaN,18.59034578815019,0,0,15.024999999999999,16.9,26.35,NaN,NaN,11.101897804836502,18.0743401660678,NaN,18.0743401660678,1468306,1213585.4,0,2.6894202663386415
930780000,19.45,21.06,17.97,20.83,17.431851926551854,18.7634782014332,19.97812933713159,NaN,20.08344859605006,0,0,15.855000000000002,16.9,27.2,NaN,NaN,12.32648992055889,17.735972254524473,17.735972254524473,NaN,1565964,1253593.2,0,2.71803310445731
933544800,20.55,22.3,19,22.11,17.65462088243034,18.83040863740454,19.999448043760275,NaN,21.43448286535002,0,0,16.475,16.9,23.43,NaN,NaN,13.491664785057665,19.442759810239906,NaN,NaN,1469701,1289653.3,0,2.7596021684246455
936136800,21.95,25.12,21.4,24.55,17.982972268981275,18.944800464656446,20.04495356332267,NaN,23.511494288450006,0,0,18.21,17.885000000000005,21.18,NaN,NaN,14.973942242338737,20.31271480727797,NaN,NaN,1452314,1304399.3,0,2.8282020135371715
938728800,24.68,24.85,20.55,21.78,18.163783113315496,19.001504455363314,20.062304027689446,20.664700000000007,22.35716476281667,0,1,18.21,17.885000000000005,19.44,NaN,NaN,15.069899338597622,22.959760592169115,NaN,NaN,1565497,1335420.65,0,2.9333304411416594
941410800,21.98,27.2,21.77,24.59,18.469793441252854,19.11327436625605,20.10758098741255,20.684326500000008,23.845721587605556,0,0,19.684999999999995,18.925000000000004,19.84,NaN,NaN,16.39348514736939,23.943878400830442,NaN,23.943878400830442,1570412,1346204.5,0,3.1116639810601123
944002800,24.45,26.89,24.05,25.75,18.816469944050336,19.24600887893093,20.164005177538424,20.709654867500007,25.115240529201852,0,0,21.405,18.925000000000004,19.48,21.2825,20.309999999999995,16.946091254061677,23.276938000255214,23.276938000255214,NaN,1146409,1345042.35,0,3.09225941098439
946854000,25.05,29.1,24.01,27.62,19.23568566100032,19.41348870135231,20.23856512576304,20.744206593162506,26.78508017640062,0,0,22.65,19.875,21.85,21.1175,20.309999999999995,18.21826825198413,25.040334301156502,NaN,NaN,1538477,1362468.5,0,3.2349551673426475
949359600,27.8,30.83,27.45,30.45,19.769700629524113,19.634218927325264,20.34067947450541,20.792735560196693,29.228360058800206,0,0,23.515,20.74,26.23,20.322499999999998,20.309999999999995,19.346345212208384,25.13213300463592,NaN,NaN,1330750,1364434.65,0,3.245315512532458
951865200,30.6,34.25,26,26.9,20.109238694784867,19.77953454877876,20.406272679760356,20.823271882395705,27.676120019600067,0,1,26.11,22.45,27.29,20.072499999999998,20.309999999999995,20.290843404732854,28.254215700481915,NaN,NaN,1482891,1382089.85,0,3.602792975922997
954712800,26.95,27.12,23.48,25.8,20.38022732836654,19.899943857803184,20.460209952962753,20.84815552298373,26.425373339866688,0,0,26.625,22.45,25.35,18.872500000000002,19.77,20.290843404732854,28.918627245630645,NaN,28.918627245630645,1152090,1385008.4,0,3.605450620499926
957132000,25.55,30.82,25.5,29.1,20.795454598444326,20.08394498064712,20.546607853433123,20.889414745368814,28.208457779955562,0,0,27.4,22.45,26.86,18.872500000000002,19.77,20.290843404732854,27.668755029582226,NaN,NaN,1375800,1391123.95,0,3.72791843332136
959810400,29.4,33.35,28.9,32.43,21.349480569946977,20.330866081034177,20.66544177489879,20.947117671641973,31.022819259985187,0,0,27.4,22.45,27.02,18.872500000000002,19.77,20.290843404732854,27.448342356730407,27.448342356730407,NaN,1557429,1404058.5,0,3.7794956880841206
962575200,30.6,31.6,27.35,27.45,21.639981495187595,20.473248759413494,20.733287357149802,20.979632083283764,28.640939753328396,0,0,28.009999999999998,22.45,28.98,18.182499999999997,19.08,20.290843404732854,29.43523447357489,NaN,NaN,1369208,1413792.2,0,3.872388853220969
965080800,27.55,33.7,27.26,33.1,22.185696662083426,20.72578378422522,20.856954483578303,21.040233922867348,31.6136465844428,0,0,28.865000000000002,22.45,30.47,17.7325,19.08,20.290843404732854,29.893940563064994,NaN,29.893940563064994,1503424,1427307.5,0,4.055789649419472
967759200,33.05,36.78,30.15,30.86,22.59875872579374,20.928468108540713,20.956984938742522,21.08933275325301,31.1112155281476,0,0,30.130000000000003,23.715,27.22,17.145,19.08,22.26434265028351,31.072645288234245,31.072645288234245,NaN,1683836,1448542.8,0,4.239661817318082
970437600,31.45,37,30.17,32.69,23.079294024565467,21.1636987463699,21.074315089355096,21.147336089486743,32.16373850938253,0,0,30.240000000000002,23.825,26.89,16.909999999999997,19.08,22.26434265028351,31.072645288234245,NaN,NaN,1461067,1466041.4,0,4.424685973223933
973033200,33.15,35.85,32.1,33.8,23.589803832919493,21.416424771442497,21.201571938461548,21.21059940903931,33.25457950312751,0,0,30.240000000000002,23.825,31.2,16.77,19.08,23.081221464854814,30.152600845874716,NaN,NaN,1296792,1444853.7,0,4.376494117993652
975625200,33.9,34.05,25.5,26.8,23.742670317066185,21.524096276013648,21.257556219076932,21.238546411994115,28.951526501042505,0,0,30.240000000000002,23.825,33.51,16.47,18.78,23.081221464854814,32.28940288748696,NaN,NaN,1241164,1432368.4,0,4.674601680994106
978303600,27.25,30.6,26.6,28.7,23.97873363530113,21.667614350493377,21.331980656886163,21.275853679934144,28.783842167014168,0,0,31.25,23.825,36.6,16.1525,18.695,23.081221464854814,28.780236003567474,NaN,28.780236003567474,1488003,1435976.7,0,4.626415846637384
980982000,28.95,31.88,27.34,27.42,24.142603462191552,21.782662063483514,21.3928608503173,21.306574411534474,27.87461405567139,0,0,31.25,24.15,31.04,16.1,18.695,23.081221464854814,28.780236003567474,NaN,NaN,1367001,1430911.45,0,4.620243286163285
983401200,27.45,29.15,25.75,26.4,24.250098535420523,21.875008822213843,21.442932241814127,21.3320415394768,26.891538018557128,0,0,31.25,24.15,25.8,16.1,18.695,23.081221464854814,28.780236003567474,NaN,NaN,1488987,1427062.6,0,4.533083051437337
986162400,26.35,29.04,25.49,28.46,24.450570033733833,22.006708645769567,21.513102919395987,21.36768133177942,27.937179339519044,0,0,31.244999999999997,24.585,29.56,15.695,18.695,23.081221464854814,28.413353567588977,NaN,NaN,1349818,1421068.45,0,4.462862833477527
988668000,28.5,30.7,27.05,28.37,24.637209555936984,22.133974472854174,21.581671890202024,21.402692925120522,28.22572644650635,0,0,31.244999999999997,26.305,30.19,15.819999999999999,18.695,23.081221464854814,26.48396537273126,26.48396537273126,NaN,1292011,1413053.3,0,4.404801202514847
991346400,28.25,29.63,25.1,26.25,24.714009100892365,22.21629498339709,21.628355171300004,21.42692946049492,26.908575482168782,0,0,31.05,26.6,30.54,15.875,18.695,23.081221464854814,26.48396537273126,NaN,NaN,1628526,1416204.75,0,4.413743973763786
994024800,26.45,28.29,24.64,26.35,24.791913429421303,22.298969083729148,21.675571619587004,21.45154481319245,26.536191827389594,0,0,30.245,26.6,31.57,15.962499999999999,18.695,23.081221464854814,28.266252417024017,NaN,28.266252417024017,1461889,1410778.6,0,4.3591908327806586
996616800,26.65,28.42,25.39,27.2,24.906584218496477,22.396989702054565,21.730815903391132,21.480287089126488,26.978730609129865,1,0,29.345,27.485,29.2,16.3775,18.695,23.081221464854814,28.266252417024017,NaN,NaN,1521105,1429513.4,1,4.264248630439183
999468000,27.05,29.98,20.3,23.43,24.836270684282358,22.417649908013477,21.747807744357218,21.490035653680856,24.61291020304329,0,0,26.09,28,29.11,16.6875,18.695,23.081221464854814,28.266252417024017,NaN,NaN,935272,1399353.15,0,4.651088013979241
1001887200,22.8,23.98,20.8,21.18,24.662162556459386,22.392896909853206,21.74212966691364,21.488485475412453,22.32430340101443,0,0,26.09,28.65,30.41,18.047500000000003,18.695,33.80614951860731,26.983784733843873,NaN,NaN,1416902,1403660.75,0,4.54601029869501
1004569200,21.18,22.4,17.12,19.44,24.41348814900894,22.333838971656142,21.719108370244502,21.478243048035388,20.401434467004812,0,0,23.91,27.060000000000002,32.52,18.047500000000003,18.695,31.516374083123903,23.12592761741249,NaN,NaN,1577101,1408371.25,0,4.598438134502509
1007334000,19.4,21.43,17.8,19.84,24.195702999056135,22.283962192223015,21.70031728654206,21.47005183279521,20.027144822334936,0,0,23.91,27.060000000000002,33.05,19.305,18.925000000000004,30.499765033407876,21.444229040487258,NaN,NaN,1257609,1413647.2,0,4.529263982038045
1009839600,20,22,17.8,19.48,23.971145713386797,22.227882948378557,21.67811411367664,21.46010157363123,19.662381607444978,0,0,23.91,27.060000000000002,36.16,20.165000000000003,18.925000000000004,30.14703637301681,21.444229040487258,NaN,NaN,1601084,1424911.4,0,4.5057451261781845
1012518000,19.47,21.85,19.09,21.85,23.87013877465409,22.220325289410983,21.67983297253987,21.462051065763077,21.120793869148326,0,0,23.55,27.060000000000002,35.76,21.2625,19.875,30.041745462585837,21.02720490944319,NaN,NaN,1504692,1422274.55,0,4.381049045736886
1014937200,21.78,26.38,21.62,26.23,23.982513118718185,22.300518783622763,21.725334642814474,21.485890810434263,24.52693128971611,0,0,23.55,27.060000000000002,37.38,22.127499999999998,20.74,30.041745462585837,19.72062464008067,19.72062464008067,NaN,1672094,1437418.85,0,4.408116971041394
1017615600,26.46,28.35,23.31,27.29,24.14001249401732,22.400308407950305,21.78098129638633,21.51491135638209,26.368977096572035,0,0,23.55,27.060000000000002,39.88,24.28,22.45,30.041745462585837,23.974112828639004,NaN,NaN,1943854,1459440.35,0,4.453251473109866
1020204000,27.25,29.54,24.4,25.35,24.197630946683166,22.459302239791295,21.816671483422464,21.534086799600182,25.68965903219068,0,1,23.55,27.060000000000002,37.05,24.5375,22.45,30.041745462585837,25.08320612826384,NaN,NaN,2020655,1476281.3,0,4.502304939316304
1023055200,25.26,27.05,23.8,26.86,24.324410425412538,22.54731619499547,21.86710476858824,21.56071636560218,26.46988634406356,0,0,23.33,27.060000000000002,43.8,24.924999999999997,22.45,30.041745462585837,25.08320612826384,NaN,NaN,1576859,1482070.9,0,4.412854586507997
1025474400,26.8,28.18,25.73,27.02,24.452771833726224,22.636769871095563,21.918633720902356,21.58801278377417,26.83662878135452,0,0,23.33,27.060000000000002,42.12,24.924999999999997,22.45,30.041745462585837,25.08320612826384,NaN,NaN,1738963,1504179.45,0,4.272650687471711
1028152800,27.06,29.65,26,28.98,24.66835412735831,22.76363447367365,21.989247383693332,21.6249727198553,28.265542927118172,0,0,23.725,27.060000000000002,49.64,25.229999999999997,22.45,30.041745462585837,25.581076327893346,NaN,NaN,1856370,1534939.75,0,4.228175638366589
1030917600,28.69,31.39,27.62,30.47,24.944622978436488,22.91776178420018,22.074054909856397,21.669197856256023,29.735180975706058,0,0,24.595,27.060000000000002,51.76,25.6575,22.45,30.041745462585837,26.8317944074202,NaN,NaN,1629634,1542021.3,0,4.19544880705469
1033423200,30.6,31.18,26.53,27.22,25.052974265177607,23.003806548516177,22.12551436075783,21.696951866974747,28.058393658568686,0,1,25.240000000000002,27.060000000000002,49.13,26.9225,23.715,30.041745462585837,29.04364103473497,NaN,NaN,1923459,1569844.2,0,4.227916749407926
1036105200,27.22,27.56,24.35,26.89,25.14045168112153,23.081530417545856,22.17315921715025,21.722917107639873,27.27946455285623,0,0,26.505000000000003,27.060000000000002,43.45,27.0325,23.825,30.041745462585837,28.772461963587542,NaN,28.772461963587542,1732954,1582042.55,0,4.155208410164503
1038783600,26.82,33.65,26.57,31.2,25.429001601068123,23.24389980919494,22.263427624978746,21.770302522101673,29.893154850952076,0,0,28.479999999999993,26.484999999999996,48.2,27.0325,23.825,30.041745462585837,28.231118150583647,NaN,NaN,1794977,1604300.5,0,4.364122095152753
1041375600,31.55,34,29.75,33.51,25.81381104863631,23.44922181301104,22.375893348728958,21.829001009491165,32.304384950317356,0,0,28.9,25.585,51.75,27.0325,23.825,21.439629205040347,29.580464099314295,29.580464099314295,NaN,1954245,1637412.2,0,4.355970516927557
1044226800,33.33,39.99,32.65,36.6,26.32743909393934,23.712237376750817,22.518134415241665,21.90285600444371,35.16812831677245,0,0,31.895000000000007,28.554999999999996,55.4,27.5375,23.825,24.005792722281505,31.301240239474637,NaN,NaN,1795303,1645751.05,0,4.56911548000416
1046646000,35.85,37.95,26.3,31.04,26.551846756132704,23.8587926292158,22.60335307108925,21.94854172442149,32.416042772257484,0,1,32.17,28.554999999999996,49.72,27.7,23.825,24.005792722281505,33.286587725329326,NaN,NaN,1782345,1661773.85,0,5.074892945718148
1049151600,30.4,31.5,25.04,25.8,26.51604452965019,23.89761677663148,22.635319540378358,21.967799015799383,28.005347590752496,0,0,32.17,28.554999999999996,51.97,27.7,23.825,24.005792722281505,34.80887257267289,NaN,34.80887257267289,1546898,1663063.5,0,5.173829163881138
1051740000,26,29.65,25.23,29.56,26.660994790143036,24.010864441098846,22.704566344974573,22.005760020720388,29.04178253025083,0,0,32.17,28.554999999999996,56.5,27.915,23.825,24.005792722281505,28.899395018568622,NaN,NaN,1688080,1700703.9,0,5.119984223603914
1054504800,29.49,32.5,28.1,30.19,26.829042657279086,24.13444715227687,22.77942068152483,22.046681220616783,29.807260843416945,0,0,32.17,28.554999999999996,60.57,28.775,23.825,24.005792722281505,27.279534449983935,27.279534449983935,NaN,1661399,1712928.75,0,5.068556779060777
1057010400,30.12,32.05,29.17,30.54,27.005754911694368,24.262558209231333,22.85702647470958,22.089147814513698,30.295753614472314,0,0,32.17,28.554999999999996,68.94,28.825000000000003,23.825,24.005792722281505,27.370596172632784,NaN,NaN,1673802,1717763.8,0,4.91223129484215
1059688800,30.8,32.85,30.1,31.57,27.2230999158994,24.408707045046704,22.94415620996249,22.136552075441127,31.145251204824106,0,0,32.515,28.554999999999996,66.24,28.4225,23.825,24.005792722281505,28.933795236776447,NaN,NaN,1785225,1744144.6,0,4.757786202353425
1062367200,31.28,31.4,26.72,29.2,27.317238015142287,24.504532904145773,23.006714647862864,22.171869315063923,29.848417068274703,0,1,32.515,28.554999999999996,59.76,28.415,23.825,24.005792722281505,29.60594979668441,NaN,NaN,1754005,1751790.65,0,4.764372902185323
1064959200,29.05,32.6,28.26,29.11,27.402607633468847,24.596642246062856,23.067747501384236,22.2065599684886,29.356139022758235,0,0,32.515,28.554999999999996,57.32,27.045,23.825,24.005792722281505,30.589254613515322,NaN,30.589254613515322,1918433,1772477.7,0,4.734060552029228
1067814000,29.23,32.9,28.47,30.41,27.545816793779853,24.7129094011416,23.141170026370393,22.247577168646156,30.05871300758608,0,0,31.495,28.554999999999996,61.04,27.369999999999997,23.825,24.005792722281505,30.589254613515322,NaN,NaN,1757483,1776747.15,0,4.712341941169997
1070233200,30.26,33.97,29.66,32.52,27.782682660742715,24.86905121311877,23.23495832610669,22.298939282802927,31.699571002528696,0,0,29.505,28.554999999999996,67.92,25.485,23.825,24.005792722281505,30.589254613515322,NaN,NaN,1692930,1764200.95,0,4.683603231086425
1072911600,32.4,35.41,32.27,33.05,28.03350729594544,25.03267018885639,23.333108742845624,22.35269458638891,32.599857000842896,0,0,30.32,28.895000000000007,61.41,25.485,23.825,24.005792722281505,30.51260819541193,30.51260819541193,NaN,1958553,1761095.85,0,4.573345857437395
1075676400,33.2,36.25,32.2,36.16,28.420483138995657,25.255216785079266,23.461377655417166,22.421731113456968,34.97328566694763,0,0,31.485,28.895000000000007,66.63,25.485,23.825,24.623246787384026,30.816658427361997,NaN,NaN,1747700,1769637.9,0,4.5359640104775805
1078095600,36.16,38.35,34.75,35.76,28.769983941900623,25.46531244937768,23.584363878862995,22.488422457889683,35.497761888982545,0,0,32.535,29.539999999999996,71.88,25.305,23.825,26.177397114211168,33.565772553869095,NaN,NaN,2077732,1786576.35,0,4.4691094383006105
1080774000,35.82,38.18,33.3,37.38,29.179984706572025,25.70360620039013,23.722320240074364,22.562880345600234,36.75258729632752,0,0,32.535,30.804999999999996,71.29,25.305,23.825,26.177397114211168,33.565772553869095,NaN,NaN,2052014,1796358.55,0,4.498458764136282
1083535200,37.39,41.85,37.25,39.88,29.68950924435431,25.987134076382333,23.883897037673623,22.649465943872233,38.83752909877584,0,0,34.285,32.58,73.98,25.305,23.825,28.5637205228728,35.45434910105221,NaN,NaN,2052130,1817483.35,0,4.505711709555119
1086040800,40.4,42.45,35.52,37.05,30.040008804146957,26.208391394854683,24.015558067296887,22.721468614152872,37.64584303292528,0,0,35.355000000000004,33.125,74.4,25.305,23.825,28.5637205228728,36.84268017874556,NaN,NaN,2114914,1827056.1,0,4.67887515887261
1088632800,37.05,43.85,36.69,43.8,30.695246480139957,26.56022356695759,24.213402486623917,22.82686127108211,41.74861434430842,0,0,36.16,33.825,70.26,25.195,23.825,29.111727153060958,39.11388629722783,NaN,39.11388629722783,1890654,1834941.1,0,4.856098361810281
1091397600,43.69,48.37,41.3,42.12,31.239282362038054,26.871419095618435,24.392468461757677,22.923326964726698,41.99620478143614,0,0,39.015,36.36,62.91,25.195,23.825,31.606300551610676,40.61501588952256,40.61501588952256,NaN,2354442,1862914.35,0,5.014234193109546
1093989600,42.11,50.47,42.11,49.64,32.115507011464814,27.326790713706067,24.644943777140096,23.056910329903065,47.09206826047871,0,0,41.335,37.41,58.73,25.392500000000002,23.825,33.01050605110195,40.61501588952256,NaN,NaN,2154385,1872921.35,0,5.253217465030294
1096581600,49.64,55.67,49.2,51.76,33.05095905853792,27.81545489943195,24.916094339368698,23.200425778253553,50.2040227534929,0,0,43.935,40.010000000000005,63.13,25.8275,23.825,35.21432583294807,46.09505758243256,NaN,NaN,2254016,1895857,0,5.340130503242415
1099263600,51.82,52.5,45.25,49.13,33.81662767479802,28.24174580144331,25.158233395975014,23.330073649362284,49.48800758449764,0,0,44.485,40.010000000000005,61.05,26.150000000000002,23.825,35.21432583294807,47.30163134340745,NaN,NaN,2026052,1908042.35,0,5.476549753010814
1101855600,49.07,49.12,40.25,43.45,34.27535969028383,28.545910885414447,25.34115106201526,23.430673281115475,45.46266919483255,0,0,44.485,40.010000000000005,58.14,26.782500000000002,23.825,35.21432583294807,47.30163134340745,NaN,NaN,1955399,1928467.4,0,5.71965334208147
1104706800,43.1,49.75,41.25,48.2,34.938437800270314,28.938992667706156,25.569739551395106,23.554519914709896,47.287556398277516,0,0,45.595,40.355000000000004,61.79,27.482499999999995,23.825,35.21432583294807,47.599703446480106,NaN,47.599703446480106,2051449,1946635.85,0,5.918249531932793
1107212400,48.21,52.28,44.6,51.75,35.73898838120982,29.395212814352035,25.831542155881156,23.695497315136343,50.26251879942584,0,0,45.595,40.355000000000004,65.87,27.2425,23.825,35.21432583294807,47.599703446480106,NaN,NaN,1729618,1950046.8,0,6.044088851080452
1109631600,51.77,58.16,50.65,55.4,36.67522702972364,29.915308558065,26.127226734322345,23.85401982856066,53.68750626647528,0,0,47.425,41.599999999999994,65.71,30.225,25.32,36.79530463254197,48.32408253419436,48.32408253419436,NaN,2290713,1980892.35,0,6.1487967902889915
1112310000,55.2,58.28,49.5,49.72,37.29640669497489,30.3114023869037,26.363154466979122,23.983349729417856,51.042502088825096,0,1,49.265,41.66,64.01,30.362499999999997,25.32,37.52251989550093,51.020763191890175,NaN,NaN,2286680,2005965.1,0,6.33673987669692
1114984800,49.28,53.1,47.6,51.97,37.99514923330943,30.744574339165627,26.619222922309326,24.123282980770767,51.66083402960837,0,0,49.265,41.66,70.68,30.362499999999997,25.645000000000007,37.52251989550093,55.99057781218932,NaN,55.99057781218932,2183889,2027459.3,0,6.27697274264714
1117576800,51.95,60.95,51.93,56.5,38.87633260315184,31.259682852382316,26.918030693086234,24.285166565866913,54.886944676536125,0,0,50.6,43.09,78.21,30.362499999999997,25.645000000000007,39.72426216719222,54.88943626999018,NaN,NaN,2306870,2046881.15,0,6.4729032610294865
1120168800,56.6,62.1,56.45,60.57,39.909364383954134,31.845889195334667,27.254550386155373,24.466590733037577,58.67564822551204,0,0,51.175,44.41,74.04,30.362499999999997,26.080000000000002,41.1422110413333,52.81293017445883,52.81293017445883,NaN,2155289,2066771.45,0,6.414124456670237
1122847200,60.51,70.85,60.51,68.94,41.29177560376584,32.58777141142797,27.671404882293817,24.688957779372387,65.51854940850401,0,0,55.55,48.785,81.66,30.362499999999997,27.8,45.08028119872709,56.5866839849013,NaN,NaN,2581704,2111210.15,0,6.694544138336648
1125525600,68.7,69.66,62.55,66.24,42.479786289300804,33.260815983199414,28.05709083347088,24.896712990475525,65.99951646950133,0,0,56.05,48.785,94.53,30.534999999999997,28.094999999999995,46.81434475198678,63.97318665365183,NaN,NaN,2352625,2130913.75,0,6.7242195570268875
1128290400,66.2,66.62,59.15,59.76,43.30265360885791,33.790799663535424,28.374119925136174,25.071029425523147,61.839838823167106,0,0,57.724999999999994,48.785,88.71,30.534999999999997,28.094999999999995,46.81434475198678,63.97318665365183,NaN,NaN,2155239,2151290.7,0,6.777489588667824
1130799600,59.76,62.15,55.72,57.32,43.97014629415039,34.26138367026471,28.663578725884815,25.23227427839553,58.8266129410557,0,0,59.224999999999994,49.555,95.98,30.534999999999997,28.554999999999996,46.81434475198678,64.29206618781859,NaN,64.29206618781859,2013279,2148068.05,0,6.752668903762979
1133391600,57.43,61.9,57.02,61.04,44.782996470619416,34.79695599685942,28.987342938625964,25.411312907003552,60.30220431368523,1,0,59.224999999999994,49.66,91.75,30.025,28.554999999999996,46.81434475198678,59.843838269905426,NaN,NaN,1942460,2142590.35,1,6.6189068392084796
1136156400,61.04,69.2,60.81,67.92,45.88475854344706,35.459416876922226,29.376669509239704,25.623856342468535,65.38073477122842,0,0,59.224999999999994,50.254999999999995,101.84,29.029999999999998,28.554999999999996,47.81194391840492,56.14883603127055,56.14883603127055,NaN,2355304,2157749.05,0,6.745413493550731
1138748400,67.73,69,57.5,61.41,46.62405575566387,35.978428539383785,29.697002814147304,25.80278706075619,62.73357825707614,0,0,61.39,51.525,101.58,29.6075,28.554999999999996,47.81194391840492,64.35022137862734,NaN,NaN,2349429,2169474.8,0,7.0850268154399645
1141167600,61.58,67.3,59.25,66.63,47.576719767298925,36.59145996859611,30.066332786005834,26.006923125452413,65.3311927523587,0,0,63.285,51.525,113.46,30.190000000000005,28.554999999999996,47.81194391840492,65.58983592077722,NaN,65.58983592077722,2432359,2196560.05,0,7.153953471479967
1144015200,66.25,75.35,65.6,71.88,48.73401882599897,37.297230769224186,30.484469458145778,26.236288509825155,69.69706425078623,0,0,65.535,54.324999999999996,127.35,31.037499999999994,28.554999999999996,50.97408748645057,62.3737660908626,62.3737660908626,NaN,2274710,2192573.45,0,7.3393853663742545
1146434400,71.75,74.99,68.17,71.29,49.80811316761807,37.9770861538397,30.89252476356432,26.46155706727603,70.75902141692875,0,0,65.535,54.324999999999996,140,31.669999999999995,28.554999999999996,52.612465600033275,67.17411120555606,NaN,NaN,2572614,2213484.9,0,7.3022864116332356
1149112800,71.26,74.15,68.1,73.98,50.95915539773149,38.697144430762904,31.323399515928678,26.69914928193965,72.90634047230958,0,0,65.535,55.435,124.08,33.4325,29.484999999999996,53.8094570413395,67.17411120555606,NaN,NaN,2228812,2212224.7,0,7.212837382230862
1151877600,73.95,78.4,72.77,74.4,52.07538609307761,39.411201542147644,31.754165520769394,26.937653535529947,73.90211349076986,0,0,67.06,56.96000000000001,115.46,34.24,29.785000000000004,57.331228281975854,69.28364282271072,NaN,NaN,1930029,2207423.55,0,7.099777569214372
1154383200,74.4,77.45,68.65,70.26,52.94132008864534,40.02817751130469,32.1392238655617,27.154265267852296,71.47403783025662,0,0,67.71000000000001,57.545,100.64,34.9925,30.484999999999996,57.331228281975854,69.92982276878008,NaN,NaN,2101757,2214741.45,0,7.221222028556203
1157061600,70.35,70.4,59.52,62.91,53.41601913204319,40.4858139610786,32.446931626906085,27.333043941513033,65.7646792767522,0,0,67.95,59.325,67.81,37.6875,32.74499999999999,57.331228281975854,69.92982276878008,NaN,NaN,2627968,2243567.4,0,7.48256331223076
1159740000,62.8,63.32,57.05,58.73,53.66906584004113,40.85069768185703,32.709762310637025,27.490028721805466,61.07489309225073,0,0,67.725,59.325,54.43,39.3725,33.795,57.331228281975854,66.67621144809904,NaN,66.67621144809904,3592420,2336707.5,0,7.39595164707142
1162335600,58.6,63.8,57.6,63.13,54.11958651432489,41.29628372821989,33.01396468753066,27.66822857819644,62.44496436408358,1,0,67.725,59.325,44.6,41.972500000000004,36.395,57.331228281975854,62.864569766707326,NaN,NaN,3718420,2408092.85,1,7.310526529423462
1164927600,62.85,64.15,59.9,61.05,54.449606204118936,41.69135805365549,33.29432504065535,27.83513743530546,61.51498812136119,0,0,67.725,59.325,41.68,42.2475,36.395,57.331228281975854,62.864569766707326,NaN,NaN,3361276,2461822.65,0,7.091917491607502
1167606000,60.98,61.55,50.28,58.14,54.625339242018036,42.02033089258238,33.542781790248796,27.98666174812893,59.26499604045373,0,0,64.34,59.325,44.76,42.2475,36.395,57.331228281975854,62.864569766707326,NaN,NaN,5339902,2619623.3,0,7.39035195649268
1170284400,57.89,62.25,56.62,61.79,54.9665135638267,42.41572427473073,33.82525397234631,28.155678439388286,60.948332013484574,0,0,64.34,59.825,49.66,42.975,36.395,57.331228281975854,61.703211714868566,NaN,NaN,4920773,2750318.45,0,7.2646125310289165
1172703600,61.82,68.09,57.3,65.87,55.485727203644466,42.884809789236115,34.14570143262284,28.344250047191345,64.22944400449487,0,0,64.34,61.5,51.12,42.975,36.395,57.331228281975854,61.703211714868566,NaN,NaN,5077224,2896415.2,0,7.5164259216697085
1175464800,65.7,66.7,61.35,65.71,55.972597336804256,43.341313593451396,34.46134441829662,28.531078796955388,65.21648133483161,0,0,63.865,63,66.31,44.512499999999996,37.64,57.331228281975854,60.48714670923814,60.48714670923814,NaN,4484346,2991547.3,0,7.361681212979016
1177970400,65.66,67.1,60.68,64.01,56.35533079695644,43.75468732158237,34.756830974113655,28.70847340297061,64.41216044494388,0,1,60.34,63,69.89,45.4625,37.7,57.331228281975854,62.518031059424175,NaN,NaN,4958151,3121823.6,0,7.294418269194799
1180648800,64.23,71.06,63.8,70.68,57.03745790186328,44.29319357515072,35.116062664372514,28.918331035955763,68.59072014831463,0,0,60.67,63,69.45,45.4625,37.7,57.331228281975854,62.518031059424175,NaN,NaN,4628980,3245510.65,0,7.291959821395172
1183327200,70.52,78.28,69.57,78.21,58.045674192250736,44.971529703647704,35.54700203772879,29.164789380775982,75.00357338277153,0,0,64.28,64.34,69.96,46.845,39.035000000000004,57.331228281975854,66.14995627282934,NaN,NaN,4743213,3382007.35,0,7.3932484055812315
1185919200,77.94,78.77,68.63,74.04,58.80730875452451,45.552899109574746,35.9319320173515,29.389165433872105,74.36119112759052,0,0,64.525,64.525,70.61,47.7925,39.61,57.331228281975854,73.14181198187048,NaN,NaN,5219849,3545876.8,0,7.589444948039715
1188770400,73.9,83.76,73.48,81.66,59.89553214716621,46.27504112738325,36.38921269717798,29.65051960670274,79.22706370919684,0,0,67.02000000000001,67.02000000000001,77,52.1675,43.985,59.58550263759276,73.14181198187048,NaN,NaN,5154018,3685812.5,0,7.781627451751164
1191189600,81.75,95.28,78.35,94.53,61.54479252111067,47.240140304835585,36.97062057020621,29.974917008669227,89.42902123639895,0,0,75.95,72.78,77.28,52.4175,43.985,63.730339290642476,77.7964226952036,NaN,NaN,6396762,3888179.15,0,8.435082633768939
1193868000,95.15,99.29,88.45,88.71,62.83837382962921,48.069537498738875,37.488014364504146,30.268592423625883,88.94967374546631,0,0,78.295,74.785,79.36,53.254999999999995,43.985,66.74569147833216,84.2677123422687,NaN,NaN,6295711,4081346.75,0,8.606862445642587
1196636400,88.79,97.92,85.82,95.98,64.41654650440877,49.027746748764095,38.0729342208591,30.59714946150775,93.63655791515544,0,0,79.98499999999999,74.785,72.89,54.39,43.985,68.19371092811647,84.2677123422687,NaN,NaN,4473614,4191291.95,0,8.856372270953832
1199142000,96.05,100.09,85.42,91.75,65.71813952800835,49.882191813788815,38.60970487865051,30.902913714200213,92.37885263838514,0,0,80.385,75.185,79.66,54.442499999999995,43.985,68.26960936695696,90.0533023839331,NaN,NaN,5792608,4352291.65,0,9.271631394457131
1201820400,91.36,103.05,86.24,101.84,67.43822812191272,50.921347977513044,39.24200782986401,31.257599145629214,98.68628421279504,0,0,83.425,76.66499999999999,83.76,54.739999999999995,43.985,68.8546651716774,90.0533023839331,NaN,NaN,5398016,4510751.85,0,9.81008629485305
1204498800,101.63,110.98,98.65,101.58,69.06402678277402,51.93452101796278,39.865387751565365,31.609211149901068,100.61542807093169,0,0,89.805,80.63,86.15,56.457499999999996,43.985,75.18019648064157,95.42702050999645,NaN,NaN,6277358,4728118.3,0,9.990080130934976
1207000800,101.57,119.93,99.55,113.46,71.17812074549907,53.165030597603526,40.60133387404971,32.01846509415156,109.1784760236439,0,0,94.28,85.105,73.97,57.405,44.324999999999996,79.7822568253913,95.42702050999645,NaN,NaN,5943026,4920181.75,0,10.73221726443962
1209592800,114.6,135.09,110.3,127.35,73.85297213857055,54.64872998565145,41.46882053530921,32.4951227686808,121.29282534121462,0,0,104.28499999999998,92.685,75.63,59.92999999999999,46.574999999999996,85.09556791418466,107.98429248344463,NaN,NaN,7038586,5140712.65,0,11.736344602693935
1212357600,127.63,143.67,121.61,140,77.00283060816243,56.355755385938416,42.45413232995612,33.0326471548374,133.76427511373822,0,0,111.00999999999999,96.975,78.95,59.92999999999999,47.22,89.99694638694004,116.9841422532858,NaN,NaN,6629410,5292562.15,0,12.473748559644365
1214863200,140.18,147.27,120.42,124.08,79.2446005792023,57.71024027821964,43.27039100665655,33.48788391906321,127.30809170457941,0,1,116.34499999999998,98.775,71.92,60.485,48.485,93.45399738035356,129.73490001863195,NaN,NaN,6168985,5415090.4,0,13.50062366252691
1217541600,124.06,128.6,111.5,115.46,80.9691434087641,58.86523547265525,43.99228709658999,33.89774449946789,119.40936390152646,0,0,116.34499999999998,98.775,79.97,62.010000000000005,50.855000000000004,93.45399738035356,136.92168243798244,NaN,136.92168243798244,5621259,5528089.55,0,13.757721972346417
1220220000,116.65,118.6,90.51,100.64,81.90585086548963,59.700730763202145,44.55876422562409,34.23145577697055,106.89645463384215,0,0,116.34499999999998,98.775,81.43,62.627500000000005,51.1,93.45399738035356,128.05824306868678,NaN,NaN,6026516,5562420.25,0,14.781456117178815
1222812000,101.86,102.84,61.3,67.81,81.23461987189488,59.8629161479381,44.79127658336785,34.39934849808569,80.83881821128072,0,0,104.28499999999998,98.775,84.11,63.6375,51.1,138.5285053868293,113.71784588199353,NaN,NaN,6050201,5618891.65,0,16.69278068023747
1225666800,67.37,71.77,48.25,54.43,79.95820940180465,59.754257824979334,44.887663817534175,34.49950175559527,63.23293940376024,0,0,97.76,97.76,91.38,63.525,51.375,134.30970813662495,78.27902855508552,NaN,NaN,4776739,5603867.4,0,17.180439203077647
1228086000,54.62,54.62,35.13,44.6,78.27448514457585,59.45117266847975,44.88478717935884,34.550004246817295,50.81097980125342,0,0,91.2,91.2,92.19,63.525,51.375,122.17348636537378,63.62008976911626,NaN,NaN,4857505,5622525.35,0,17.34540783142924
1230850800,43.72,50.47,33.2,41.68,76.53189061388177,59.09574921511015,44.85273930756525,34.58565422558321,44.72365993375114,0,0,90.23500000000003,90.23500000000003,96.97,63.525,51.375,112.48441015159659,51.10158071510329,NaN,NaN,5613441,5655289.85,0,17.340021557755726
1233529200,42.22,45.3,33.55,44.76,75.01894344179216,58.80903423080795,44.8518119144896,34.636525954455294,44.74788664458371,1,0,90.23500000000003,90.23500000000003,106.72,61.8325,51.375,103.71047319200662,51.10158071510329,NaN,NaN,5424194,5695050.55,1,16.940734303630318
1235948400,44.34,54.66,39.44,49.66,73.81137470646873,58.62605354619179,44.8998937953447,34.71164332468302,48.0226288815279,0,0,90.23500000000003,90.23500000000003,113.93,62.0825,51.375,103.23413539411996,50.60977911473053,NaN,NaN,5590344,5737407.1,0,16.817824710513868
1238536800,48.96,53.9,46.72,51.12,72.73083305377973,58.47593247526795,44.96209485739126,34.793685108059606,50.087542960509296,0,0,80.90000000000002,90.23500000000003,102.7,62.92,51.72,100.51925890924569,50.60977911473053,NaN,NaN,5146107,5733720,0,16.129408659762877
1241128800,50.95,66.64,50.43,66.31,72.42507909883784,58.63261382576259,45.17557390881735,34.95126668251931,60.902514320169765,0,0,75.9,90.23500000000003,95.42,63.432500000000005,51.72,100.51925890924569,45.847413519868745,45.847413519868745,NaN,5289048,5740471.5,0,16.13516518406553
1243807200,66.48,73.38,64.95,69.89,72.30436104651224,58.857761549247336,45.42271816972918,35.12596034910672,66.8941714400566,0,0,68.02000000000001,90.23500000000003,95.7,61.67,51.72,100.51925890924569,59.20439470206023,NaN,NaN,5970322,5719149.5,0,15.584796242346565
1246399200,70.45,71.85,58.32,69.45,72.16843909191641,59.06960631826239,45.662990988031886,35.297580547361186,68.59805714668553,0,0,53.29,90.23500000000003,88.81,61.835,51.72,100.51925890924569,64.820518294649,NaN,NaN,6290581,5718893,0,15.438025082178953
1249250400,69.3,75,65.23,69.96,72.06327532563468,59.28741419189714,45.90596107815157,35.47089264462438,69.50601904889517,0,0,54.1,90.23500000000003,79.2,64.31,51.72,100.51925890924569,64.820518294649,NaN,NaN,6233089,5806866.75,0,15.0331661477376
1251756000,69.56,73.16,65.05,70.61,71.99407173869969,59.51386590805921,46.153001467370046,35.646588181401256,70.24200634963172,0,0,54.1,90.23500000000003,93.19,64.525,52,100.51925890924569,64.820518294649,NaN,NaN,6047758,5819624.25,0,14.538654280042055
1254348000,70.4,82,68.05,77,72.23244927495209,59.86358858989803,46.461471452696344,35.85335524049425,74.74733544987724,0,0,57.775,90.23500000000003,100.36,67.02000000000001,55.24,100.51925890924569,64.820518294649,NaN,NaN,7386589,5919052.9,0,14.496607545753335
1257116400,77.02,81.06,72.39,77.28,72.4728088332877,60.21191681810007,46.76965673816938,36.06048846429178,76.43577848329241,0,0,60.72,90.23500000000003,98.83,74.36500000000001,61,100.51925890924569,72.47535824678958,NaN,NaN,6744567,5942413.35,0,14.080421292485239
1259622000,77.35,80,68.59,79.36,72.80077031741685,60.59487848173807,47.095560170787685,36.276986021970316,78.3852594944308,0,0,64.36,90.23500000000003,98.48,76.53999999999999,63.005,100.51925890924569,72.47535824678958,NaN,NaN,6016269,5946075.5,0,13.889676914450579
1262559600,79.63,83.95,72.43,72.89,72.80501934992081,60.84078091210331,47.35350456907982,36.460051091860464,74.72175316481027,0,1,67.19,90.23500000000003,107.07,77.38499999999999,63.005,100.51925890924569,74.19434978629194,NaN,NaN,5799014,5884096.9,0,13.72041427770411
1264978800,72.84,80.78,69.5,79.66,73.13144699992459,61.21716529386124,47.67656952338902,36.67605083640116,78.01391772160342,0,0,71.13500000000002,90.23500000000003,103.02,77.785,64.17499999999998,100.51925890924569,78.43322492011035,NaN,78.43322492011035,6854661,5895359.45,0,13.546098972153816
1267398000,79.84,83.85,78.06,83.76,73.63756857135675,61.66802198798402,48.03740382815513,36.91147058221915,81.84463924053448,0,0,71.13500000000002,90.23500000000003,104.87,80.04499999999999,65.75999999999999,100.51925890924569,73.35802660978484,73.35802660978484,NaN,7002955,5937057.95,0,12.992091902714256
1270072800,83.36,87.09,81.29,86.15,74.23339863938739,62.15766154822434,48.418529789873574,37.157663229308056,84.71487974684483,0,0,76.07,90.23500000000003,86.53,85.2175,70.32000000000002,100.51925890924569,78.60952894648669,NaN,NaN,7946514,6053320.7,0,12.478371052520382
1272837600,86.2,87.15,67.15,73.97,74.22085584703561,62.39390831725985,48.67404449197484,37.341724913161514,77.55162658228161,0,1,76.1,90.23500000000003,84.96,89.6925,76.065,100.51925890924569,80.14857014302157,NaN,NaN,9001973,6202093.55,0,13.015630263054641
1275256800,73.97,79.94,69.51,75.63,74.28795794955774,62.65863015091466,48.943604047055096,37.53316628859571,76.27054219409386,0,0,77.15,90.23500000000003,88.06,98.48499999999999,83.64500000000002,100.51925890924569,80.76457698155558,NaN,80.76457698155558,7691389,6284152.95,0,12.830942387122166
1277935200,75.37,79.69,71.09,78.95,74.50995995195974,62.98445754789636,49.24366800658454,37.740250457152726,78.0568473980313,0,0,77.15,90.23500000000003,96.47,103.99249999999999,88.48499999999997,100.51925890924569,80.76457698155558,NaN,NaN,6533878,6372009.9,0,12.528732216613438
1280700000,78.95,82.97,70.76,71.92,74.38662852567595,63.16316839693844,49.4704313265187,37.91114920486696,73.96561579934377,0,0,77.15,90.23500000000003,92.19,107.56,90.28499999999998,100.51925890924569,80.76457698155558,NaN,NaN,7211761,6489722.7,0,12.505965629712477
1283292000,71.7,80.18,71.67,79.97,74.65250335778663,63.49930502899967,49.77542701325351,38.12144345884263,77.96853859978125,0,0,77.15,80.90000000000002,86.24,107.56,91.39500000000001,100.24242256288491,78.36884249630353,NaN,NaN,7298284,6573964.85,0,12.220539513304443
1285884000,79.84,84.43,79.7,81.43,74.97524129313013,63.85791892841968,50.09197274312098,38.337986241548414,80.27617953326042,0,0,77.15,75.9,88.91,107.56,91.39500000000001,100.24242256288491,73.65671365832536,73.65671365832536,NaN,7094841,6657497.2,0,11.68550097663984
1288562400,81.45,88.63,80.28,84.11,75.41022980298106,64.26296054985129,50.432153015689764,38.56684631034067,82.83205984442014,0,0,77.89,68.02000000000001,91.82,101.53,91.98,100.24242256288491,77.32543066597209,NaN,NaN,7276148,6741787.4,0,11.44725090687985
1291158000,83.66,92.06,83.63,91.38,76.17069505045815,64.80530133885426,50.84163148553287,38.83091207878897,88.53068661480671,0,0,79.605,62.63,97.49,97.76,93.76,100.24242256288491,79.58400304083322,NaN,NaN,5696406,6769302.35,0,11.23173298495986
1294009200,91.31,93.02,85.11,92.19,76.93351909567443,65.35299531207718,51.255115170677534,39.097707518395026,90.97022887160223,0,0,80.08500000000001,63.11,92.05,91.2,91.2,100.24242256288491,86.83265340734661,NaN,NaN,7613289,6885514.4,0,10.994466343177013
1296514800,92.2,103.41,83.85,96.97,77.88763723397565,65.98533540583564,51.712264018970764,39.38706898080305,94.97007629053408,0,0,86.46000000000001,68.305,97.23,90.23500000000003,90.23500000000003,100.24242256288491,86.83265340734661,NaN,NaN,6918082,6932902.4,0,11.606290175807228
1298934000,96.97,106.95,96.22,106.72,79.26060688950062,66.80002869771893,52.26234137878106,39.72373363589904,102.80335876351135,0,0,88.855,70.25,93.46,90.23500000000003,90.23500000000003,73.39226042829753,88.55884082407015,NaN,NaN,7290063,6982876.5,0,11.543698020392425
1301608800,106.62,114.18,105.31,113.93,80.91153037095299,67.74262812376455,52.87901796499325,40.09476496771954,110.22111958783712,0,0,92.47,76.81,91.97,90.23500000000003,90.23500000000003,78.25693144848688,99.60439135491148,NaN,NaN,6022707,6972357.4,0,11.352719590364396
1304287200,113.89,114.83,94.63,102.7,81.94907654376475,68.44177556128925,53.37722778534332,40.40779114288094,105.20703986261238,0,1,93.25,80.775,96.56,85.56750000000002,90.23500000000003,78.25693144848688,107.67203508039321,NaN,NaN,8126620,7076300.5,0,11.984668191052654
1306879200,102.68,103.31,89.61,95.42,82.59054908929977,68.98134005006347,53.79765550748989,40.68285218716654,98.68234662087079,0,0,97.265,82.63,105.03,83.06750000000002,90.23500000000003,78.25693144848688,108.61308201079211,NaN,108.61308201079211,7704506,7092196.35,0,12.10719189169175
1309471200,95.12,100.62,93.45,95.7,83.21480865647598,69.51571324906219,54.216678952414995,40.957937926230706,96.69411554029027,0,0,97.555,86.57500000000002,107.65,79.12750000000003,90.23500000000003,78.25693144848688,101.1172576170735,NaN,NaN,5720948,7041015.4,0,11.754535327999482
1312149600,96.2,98.6,75.71,88.81,83.48124633950093,69.90159898408095,54.562612162890844,41.197198236599554,91.43803851343009,0,0,95.27,86.57500000000002,102.33,71.76250000000002,90.23500000000003,78.25693144848688,101.1172576170735,NaN,NaN,8801960,7180299.95,0,12.549925661713806
1314828000,88.73,90.52,77.11,79.2,83.27737746619135,70.08756700439932,54.80898604126193,41.387212245416556,83.27934617114336,0,0,95.27,89.94,96.38,72.16750000000002,90.23500000000003,78.25693144848688,95.41322386489301,NaN,NaN,6809245,7230811.5,0,12.611359543019962
1317592800,78.92,94.65,74.95,93.19,83.74940711065844,70.54961566431133,55.19279618084931,41.64622618418947,89.88644872371445,0,0,94.89,89.94,92.72,72.16750000000002,90.23500000000003,78.25693144848688,89.75369740942628,NaN,NaN,7227662,7249461.55,0,13.117691004232821
1320098400,92.58,103.37,89.17,100.36,84.54038772443661,71.14582335102511,55.64446821904081,41.939795053268526,96.86881624123815,0,0,94.89,90.99000000000001,98.42,74.005,90.23500000000003,78.25693144848688,85.41947465012495,85.41947465012495,NaN,6725164,7235572,0,13.19499878964476
1322694000,100.51,102.44,92.7,98.83,85.2208454518444,71.69950688400462,56.0763235368504,42.22424607800218,98.17627208041272,0,0,94.89,90.99000000000001,97.49,75.47750000000002,90.23500000000003,78.25693144848688,93.29058304170906,NaN,NaN,4928008,7084646.7,0,12.94821316181299
1325545200,99.7,103.74,97.4,98.48,85.85223376366133,72.23511674632454,56.5003603014819,42.50552484761217,98.37875736013757,0,0,94.89,90.99000000000001,102.59,77.29750000000001,90.23500000000003,78.25693144848688,93.73501315932837,NaN,NaN,5786180,6923857.05,0,12.476197935969205
1328050800,98.38,109.95,95.44,107.07,86.86260358443936,72.93181441139805,57.00605669846707,42.82834722337411,104.17291912004585,0,0,92.45,90.99000000000001,101.58,78.7125,90.23500000000003,78.25693144848688,94.61469865488425,NaN,NaN,5941040,6836339.6,0,12.621469511971403
1330556400,106.82,110.55,102.13,103.02,87.63200341375176,73.53357812317009,57.466196131482405,43.12930548725724,103.40430637334862,0,0,92.75,90.99000000000001,99.74,80.68500000000003,90.23500000000003,78.25693144848688,100.56802687834185,NaN,NaN,6112137,6815252.55,0,12.321364546830589
1333317600,103.27,105.49,100.68,104.87,88.4528603940493,74.16030656070669,57.94023417016758,43.43800895982096,104.38143545778287,0,0,92.75,90.99000000000001,102.71,80.68500000000003,90.23500000000003,78.25693144848688,100.56802687834185,NaN,NaN,4839650,6696647,0,11.78483850777126
1335823200,104.89,106.43,85.86,86.53,88.36129561338028,74.40770042949256,58.226131828465896,43.65346891502186,92.48047848592762,0,0,92.75,90.99000000000001,105.37,83.1525,90.23500000000003,78.25693144848688,101.17150198633645,NaN,NaN,6074557,6635460.65,0,12.412350042930456
1338501600,86.44,87.03,77.28,84.96,88.19932915560027,74.61874642090271,58.49347051018124,43.86000157044675,87.46682616197587,0,0,92.75,90.99000000000001,98.17,83.16750000000002,90.23500000000003,78.25693144848688,93.46694452272595,NaN,93.46694452272595,6346441,6598040.65,0,12.222182182721138
1341180000,84.65,93.25,82.1,88.06,88.19269443390502,74.88757149248465,58.78913580507943,44.08100156259451,87.8622753873253,0,0,93.91499999999999,92.17,95.96,83.69250000000002,90.23500000000003,78.25693144848688,89.04548487720812,NaN,NaN,5641740,6516320.25,0,12.1455977410982
1343772000,88.03,98.29,86.92,96.47,88.5868518418143,75.31922006263495,59.16594444702864,44.34294655478153,93.60075846244176,0,0,93.91499999999999,92.795,91.16,83.69250000000002,90.23500000000003,78.25693144848688,89.04548487720812,NaN,NaN,5326973,6497848.6,0,12.090197902448327
1346623200,96.38,100.42,88.95,92.19,88.75843032553742,75.65663566138227,59.49618500255835,44.58218182200763,92.66025282081392,0,0,93.91499999999999,92.795,80.54,83.69250000000002,90.23500000000003,78.25693144848688,91.44963077424259,91.44963077424259,NaN,4774788,6355923.55,0,12.045898052273447
1349042400,92.15,93.66,84.66,86.24,88.6385050719404,75.86830294815462,59.763623152532766,44.79047091289759,88.38008427360464,0,0,93.91499999999999,93.25,66.15,79.025,90.23500000000003,78.25693144848688,91.44963077424259,NaN,NaN,5688741,6294456.5,0,11.828333905682486
1351720800,86.1,89.8,84.05,88.91,88.65143340184801,76.12913688919153,60.05508692100743,45.0110685583331,88.73336142453488,0,0,93.91499999999999,94.89,53.27,76.525,90.23500000000003,78.25693144848688,91.03208123539565,NaN,91.03208123539565,5434447,6201675.7,0,11.394167198133738
1354489200,88.85,91.99,85.21,91.82,88.80231752556953,76.4429541514077,60.372736051797354,45.24511321554143,90.79112047484496,0,0,91.855,94.89,48.24,72.95500000000001,90.23500000000003,78.25693144848688,91.03208123539565,NaN,NaN,3811457,6091113.2,0,11.064583826838472
1357081200,91.78,98.24,91.52,97.49,89.21601669101861,76.86389506837955,60.74390869127937,45.506337649463724,95.25704015828165,0,0,91.855,94.89,49.76,71.1175,90.23500000000003,78.25693144848688,87.26615538910576,87.26615538910576,NaN,4665099,5918037.15,0,10.754256410635724
1359673200,97.42,98.15,91.57,92.05,89.35096827716058,77.16761716701195,61.05696960436658,45.7390559612164,93.11901338609388,0,0,88.85,94.89,47.6,71.5975,90.23500000000003,78.25693144848688,94.33807232141478,NaN,NaN,4497127,5757668.2,0,10.456095238447459
1362092400,91.76,97.35,89.33,97.23,89.72616026396246,77.56886482367172,61.41869990832291,45.99651068141032,95.85967112869797,0,0,91.25999999999999,94.89,59.63,77.38250000000001,90.23500000000003,78.25693144848688,96.29109726864127,NaN,96.29109726864127,4355564,5689399,0,10.282088435701212
1364767200,97.36,97.8,85.9,93.46,89.90396215615472,77.88668752719828,61.73911290923967,46.23382812800326,94.25989037623265,0,0,92.235,94.89,60.3,79.55250000000001,90.23500000000003,78.25693144848688,92.48590657347104,92.48590657347104,NaN,5769832,5537792.6,0,10.397653547436837
1367359200,93.08,97.35,90.11,91.97,90.00234491062353,78.1683537766543,62.041421780147274,46.46250898736324,92.73329679207755,0,0,92.235,94.89,59.47,84.64,90.23500000000003,78.25693144848688,92.48590657347104,NaN,NaN,6240706,5509365.65,0,10.172106865477064
1370210400,91.73,99.21,91.26,96.56,90.31461420059384,78.53618670112121,62.38660756234581,46.71299644242643,95.28443226402585,0,0,91.63,94.89,47.12,87.0125,90.23500000000003,78.25693144848688,92.48590657347104,NaN,NaN,5406046,5418284.85,0,10.013384946514416
1372629600,96.58,108.93,96.07,105.03,91.01534685770841,79.06606296709879,62.81304148672235,47.004581460214304,101.78147742134195,0,0,96.49000000000001,92.75,49.2,89.94749999999999,90.23500000000003,80.72707829907584,92.48590657347104,NaN,NaN,5891514,5376602.35,0,10.216714593191957
1375308000,105.26,112.24,102.22,107.65,91.80747319781754,79.63774170775682,63.26141107185512,47.30780855291323,105.69382580711398,0,0,98.725,93.595,45.09,92.06500000000001,90.23500000000003,83.13817978448273,99.5493172619128,NaN,NaN,5758609,5418132.4,0,10.202663550821102
1378072800,107.07,110.7,101.05,102.33,92.30854590268338,80.09158687360168,63.652096961136564,47.58291951014867,103.45127526903799,0,1,99.07,93.595,46.59,90.92250000000001,90.23500000000003,84.3425444126344,102.36597865760467,NaN,NaN,4971359,5377391.35,0,10.163187582905309
1380578400,102.31,104.38,95.95,96.38,92.50242466922225,80.41735513612966,63.9793759915252,47.82690491259792,98.73709175634599,0,0,99.07,93.595,41.65,92.60499999999999,90.23500000000003,84.3425444126344,106.33921848249811,NaN,106.33921848249811,5747626,5367720.65,0,10.039388469840645
1383256800,96.32,96.65,91.77,92.72,92.51278539925929,80.66340803340705,64.26678223160995,48.05137038803493,94.72569725211532,0,0,99.07,93.595,37.04,92.41499999999999,90.23500000000003,84.3425444126344,100.51517214056892,NaN,NaN,4705257,5297376.65,0,9.670860721994886
1385938800,92.71,100.75,92.56,98.42,92.7940813326279,81.01853987273891,64.60831440929385,48.30321353609475,97.18856575070511,1,0,99.07,94.75999999999999,33.62,92.94,90.23500000000003,84.3425444126344,96.45128011442677,NaN,NaN,3955522,5253170.25,1,9.56508495613811
1388617200,98.5,98.97,91.24,97.49,93.01769650726467,81.34796907528413,64.93713126520092,48.549147468414276,97.3895219169017,0,0,101.175,94.75999999999999,33.75,92.94,90.23500000000003,84.3425444126344,96.20237286415933,96.20237286415933,NaN,4779520,5188418.4,0,9.434007459271102
1391382000,97.4,103.45,96.26,102.59,93.4735204831092,81.77280969377844,65.31365995254892,48.8193517310722,100.8565073056339,0,0,101.74,94.75999999999999,38.34,92.94,90.23500000000003,84.3425444126344,96.20237286415933,NaN,NaN,4236081,5082900.4,0,9.273721212180309
1393801200,103,105.22,97.28,101.58,93.85954331724686,82.16895349990287,65.67632335302342,49.08315497241684,101.33883576854463,0,0,101.74,94.75999999999999,45.92,91.72,90.23500000000003,84.3425444126344,99.25430914664885,NaN,NaN,4977038,5049665.3,0,9.178455411310287
1396303200,101.53,104.99,98.86,99.74,94.13956506404463,82.5203744299048,66.01696011949319,49.33643919755475,100.27294525618154,0,0,101.74,94.75999999999999,49.1,91.87,90.23500000000003,84.36475554630506,99.25430914664885,NaN,NaN,5063065,5036469.9,0,8.960708596216694
1398895200,99.72,104.5,98.74,102.71,94.54768101337584,82.92416694130671,66.38389051829826,49.603307001566975,101.89764841872717,0,0,100.97,94.75999999999999,48.33,91.87,90.23500000000003,84.92264761111863,99.25430914664885,NaN,NaN,4674548,5031457.9,0,8.732086553629788
1401660000,102.92,107.68,101.6,105.37,95.06302953654841,83.37308360248058,66.77375161311528,49.88214046655914,104.21254947290906,0,0,99.46000000000001,94.75999999999999,41.6,91.87,90.23500000000003,88.15606068597191,100.26884879309017,NaN,NaN,4550734,4974557.55,0,8.54265179979909
1404165600,105.44,106.09,97.6,98.17,95.2109805109985,83.66902193043096,67.08771409698413,50.12357976422635,100.18418315763635,0,0,99.46000000000001,94.75999999999999,44.7,91.87,90.23500000000003,88.15606068597191,102.3787241518205,NaN,NaN,5577257,4981698.05,0,8.5388909569563
1406844000,97.7,98.67,92.5,95.96,95.24664810571286,83.91484149182233,67.37643695601429,50.352761865405206,97.36806105254544,0,0,99.46000000000001,97.16999999999999,48.24,93.04249999999999,90.23500000000003,88.15606068597191,103.28686129406759,NaN,103.28686129406759,4887535,5035501.95,0,8.36968446003085
1409522400,95.81,95.91,90.41,91.16,95.05204581496464,84.05974466198587,67.61427258645415,50.55679805607818,93.22935368418182,0,0,99.045,98.145,46.86,93.35499999999999,90.23500000000003,88.15606068597191,98.03544564431144,NaN,NaN,5917904,5098142.2,0,8.168278427171504
1412114400,91.36,92.96,79.44,80.54,94.36099601425204,83.98934976874617,67.7435298605896,50.7067140657978,84.76978456139395,0,0,93.56,95.84,49.44,93.35499999999999,90.23500000000003,107.16195609552585,97.42524815862613,NaN,NaN,7709275,5258749.6,0,8.55054425380211
1414969200,80.59,80.98,65.69,66.15,93.0176152516686,83.63256277337123,67.72759456198371,50.7839304954688,72.35659485379799,0,0,86.685,88.965,53.72,93.5825,90.23500000000003,102.26038392232772,84.83268458726818,NaN,NaN,6294247,5355683.75,0,9.031933949959102
1417388400,66,69.54,52.44,53.27,91.1248716682558,83.02531151790382,67.58301861636387,50.79636084299146,59.63219828459933,0,0,80.06,82.34,52.81,94.4025,80.90000000000002,96.29673628221941,76.67657634197496,NaN,NaN,7255677,5429976,0,9.608224382104881
1420153200,53.76,55.11,43.58,48.24,89.08273492214839,82.32960528754575,67.38958843020023,50.78357903877651,52.03739942819978,0,0,75.63,77.91,54.01,93.3725,75.9,90.16049541630017,59.449749182061005,NaN,NaN,7928616,5514371.5,0,9.74549406909739
1422831600,47.59,54.24,46.67,49.76,87.21022373537942,81.67821318179483,67.21329254589823,50.778461143582625,50.51913314273326,0,0,75.63,77.91,50.6,93.3725,74.015,85.76858894402764,51.85935451413222,NaN,NaN,9250389,5706588.65,0,9.590101635590432
1425250800,49.45,52.48,42.41,47.6,85.32402260512325,80.99664891815894,67.01715962043926,50.76256883786471,48.573044380911085,0,0,74.25,77.32499999999999,49.33,91.87,74.015,79.90537267419457,51.85935451413222,NaN,NaN,8480243,5836025.1,0,9.624380090191115
1427839200,47.55,59.85,47.05,59.63,84.10049771916499,80.56931593979576,66.94328802423487,50.80690599367538,55.94434812697036,0,0,70.53999999999999,77.32499999999999,48.32,93.07499999999999,74.015,79.90537267419457,51.85935451413222,NaN,NaN,8259708,5961080.05,0,9.851210083748894
1430431200,59.79,62.58,56.51,60.3,82.96714068491903,80.16392962099984,66.87685514399253,50.854371463707004,58.848116042323454,0,0,69.16,77.32499999999999,46.04,93.5625,74.015,79.90537267419457,54.02795825024004,54.02795825024004,NaN,6780809,6051552.55,0,9.581123649195401
1433109600,60.29,61.82,56.83,59.47,81.84822922373242,79.75005102857983,66.80278659255261,50.89744960638846,59.26270534744115,0,0,67.685,77.32499999999999,50.17,93.5625,74.19,79.90537267419457,54.734604179683956,NaN,NaN,6940741,6111208.3,0,9.253186245681444
1435701600,58.98,58.98,46.68,47.12,80.19450402260229,79.09745000800824,66.60595872662708,50.87856235835652,51.16756844914705,0,0,61.695,77.32499999999999,47.23,93.25999999999999,77.13499999999999,79.11720437497446,55.38273851467312,NaN,NaN,7574732,6254682.05,0,9.505815799561342
1438552800,46.86,49.33,37.75,49.2,78.71857525962123,78.49950100784807,66.43189913936081,50.87016954656474,49.855856149715684,0,0,53.645,74.995,51.67,94.62,80.775,74.15988354637473,51.475728146012095,NaN,51.475728146012095,8992785,6506545.2,0,9.653971813878387
1441058400,48.1,48.87,43.21,45.09,77.1172145329726,77.83131098769111,66.2184801479672,50.84126869883192,46.6786187165719,0,0,50.165,74.995,54.38,96.16,82.63,72.65426084121226,51.475728146012095,NaN,NaN,8595815,6697359.95,0,9.392259541458502
1443650400,45.38,50.92,42.58,46.59,75.66353765045008,77.2064847679373,66.02219534648752,50.82001235533776,46.61953957219063,0,0,50.165,74.225,57.4,96.3325,86.57500000000002,71.20410181552832,49.02522157985034,NaN,NaN,8984123,6934762.05,0,9.317098145640037
1446418800,46.43,48.36,40.06,41.65,74.04384538138103,76.49535507257855,65.77847339302264,50.77416229356107,43.30651319073021,0,0,50.165,72.715,60.42,96.3325,86.57500000000002,67.54208727045284,49.02522157985034,NaN,NaN,8689487,7120384.5,0,9.244448278094321
1448924400,41.73,42.23,34.53,37.04,72.28175750607718,75.70624797112697,65.49108865909241,50.705491482093265,39.128837730243404,0,0,48.555,71.105,64.73,96.3325,89.94,63.35952086194865,45.429544985539586,NaN,NaN,9354289,7334945.7,0,9.134130543944726
1451862000,37.6,38.39,27.56,33.62,70.44072143435922,74.86452301170443,65.17237777250149,50.620064024682804,35.456279243414464,0,0,45.07,67.62,61.64,96.91499999999999,89.94,59.05596676211883,40.06595639542372,NaN,NaN,11634429,7682939.75,0,9.255264076520104
1454281200,33.83,34.69,26.05,33.75,68.69354422319925,74.04223255147035,64.85815399477647,50.53571370455939,34.31875974780482,0,0,43.935,66.86500000000001,64.94,97.9675,90.99000000000001,56.350535236326124,38.67638840811305,NaN,NaN,12574288,8084117.45,0,9.211316642482954
1456786800,33.9,42.49,33.37,38.34,67.24813735542786,73.32818790044094,64.59297245482871,50.4747351360366,36.99958658260161,1,0,42.515,66.86500000000001,68.57,98.25,90.99000000000001,56.350535236326124,38.08402020997611,NaN,NaN,12016453,8406077.25,1,9.204794025162743
1459461600,38.14,46.78,35.24,45.92,66.23251176707416,72.78002414243213,64.40624273028043,50.451961460356415,42.946528860867204,0,0,38.485,66.86500000000001,67.04,98.25,90.99000000000001,56.350535236326124,34.500733852366515,34.500733852366515,NaN,13128072,8818104.1,0,9.371594451936833
1462140000,45.9,50.21,43.03,49.1,65.41667787340396,72.30642365958347,64.25318030297763,50.44520165305464,47.048842953622405,0,0,38.485,66.86500000000001,74.15,98.25,90.99000000000001,56.350535236326124,41.61442363140138,NaN,NaN,12399450,9142181.4,0,9.2150519910842
1464732000,48.82,51.67,45.83,48.33,64.603026546099,71.82689518639181,64.09394849994784,50.434625644789364,47.90294765120747,0,0,38.86,66.86500000000001,68.76,97.865,90.99000000000001,56.350535236326124,46.37395237723121,NaN,NaN,11409998,9327217.55,0,8.9739768488639
1467324000,48.38,49.35,40.57,41.6,63.50764432961809,71.22235728266396,63.86900901494837,50.39045251656542,43.70098255040249,0,0,38.86,66.86500000000001,69.8,97.11,90.99000000000001,56.350535236326124,46.37395237723121,NaN,NaN,10166846,9520847.5,0,8.960121359659336
1470002400,41.35,49.36,39.19,44.7,62.6120422186839,70.69191013701068,63.67731892479888,50.36200025398259,44.3669941834675,0,0,38.86,66.07000000000002,73.25,97.11,90.99000000000001,56.350535236326124,45.06206011331268,NaN,45.06206011331268,12702757,9793201.5,0,9.046541262540812
1472680800,44.85,48.32,43,48.24,61.927659255889424,70.24287193427045,63.52294573555089,50.35139025271268,46.948998061155834,0,0,38.86,62.36,65.31,98.315,90.99000000000001,56.350535236326124,42.19637907666095,42.19637907666095,NaN,13605320,10077036.7,0,8.780359743787896
1475445600,48.04,52.22,46.63,46.86,61.210151672275636,69.77521449558505,63.35631627819538,50.33393330144912,46.88966602038528,0,0,39.135,60.98,50.93,98.595,92.17,56.350535236326124,43.296187105683714,NaN,NaN,12034579,10216246.2,0,8.552476904945904
1477951200,46.77,49.9,42.2,49.44,60.64966825931013,69.36851020567335,63.217153115413424,50.329463634941874,48.58988867346176,0,0,42.795,59.504999999999995,45.41,94.7,92.795,56.350535236326124,44.82390099463243,NaN,NaN,14838781,10534173.1,0,8.491585697449766
1480546800,49.07,54.51,48.98,53.72,60.31968405648585,69.05554000155988,63.122181584259295,50.34641631676716,52.00996289115392,0,0,44.875,53.515,53.79,87.825,90.25999999999999,56.350535236326124,44.82390099463243,NaN,NaN,11544005,10698387.95,0,8.28004386191764
1483398000,54.2,55.24,50.71,52.81,59.96208005379604,68.73062920152869,63.01905976841671,50.35873423518332,52.543320963717974,0,0,47.215,47.795,57.22,81.2,83.63499999999999,56.350535236326124,51.04922564584788,NaN,NaN,11460591,10932377.05,0,8.012183586066381
1485903600,52.76,55.03,51.22,54.01,59.67864767028195,68.43621661749812,62.92896917073254,50.3769905640074,53.52110698790599,0,0,47.215,44.315,60.14,76.77,79.205,56.350535236326124,51.04922564584788,NaN,NaN,9931835,11081931.75,0,7.712027615633069
1488322800,53.95,54.44,47.01,50.6,59.24633111455424,68.07949228514815,62.80567947902522,50.378105611187365,51.573702329301994,0,0,47.215,44.315,63.91,76.77,79.205,56.350535236326124,51.60379850860169,NaN,NaN,13824774,11394433.85,0,7.691882785944993
1491170400,50.69,53.76,48.2,49.33,58.77412487100403,67.70450243944519,62.67092268423497,50.37286508313143,50.077900776434,0,0,47.215,44.315,53.5,75.7875,78.62,56.350535236326124,52.90026611112849,NaN,52.90026611112849,11257823,11507685.75,0,7.539605444091778
1493589600,49.17,52,43.76,48.32,58.276309400956215,67.3168123906563,62.52741345739261,50.362600757715775,48.905966925478,0,0,48.72,44.315,58.47,73.93249999999999,78.62,56.350535236326124,52.139529910712994,NaN,NaN,15648908,11860340.4,0,7.589633626656651
1496268000,48.63,49.17,42.05,46.04,57.69362800091068,66.89127614284317,62.362539322818684,50.3409877539272,46.99532230849267,0,0,48.644999999999996,44.315,58.58,73.24249999999999,78.62,56.350535236326124,52.139529910712994,NaN,NaN,16794253,12250846.9,0,7.556088367609748
1499032800,46.28,50.41,43.65,50.17,57.33536000086732,66.5568506199863,62.2406139295905,50.34013281515757,49.11177410283089,1,0,48.644999999999996,43.935,55.1,72.505,78.62,56.350535236326124,48.36891429192537,NaN,NaN,16403366,12636540.85,1,7.499224912780481
1501538400,50.21,50.43,45.58,47.23,56.8541523817784,66.17031360758658,62.090507790294595,50.32458215108178,47.85725803427696,0,0,48.644999999999996,42.515,54.07,69.50999999999999,78.62,56.350535236326124,46.357856430534994,46.357856430534994,NaN,19208398,13129246.3,0,7.3099945618675894
1504216800,47.08,52.86,46.56,51.67,56.6072879826461,65.88030733543485,61.986302712391655,50.33130924032637,50.39908601142565,0,0,48.644999999999996,40.64500000000001,54.18,64.32000000000001,76.28999999999999,56.350535236326124,46.357856430534994,NaN,NaN,13766596,13235854.65,0,7.237852093162762
1506895200,51.64,54.85,49.1,54.38,56.501226650139145,65.65030118872615,61.91023968526774,50.35155269412473,53.05302867047522,0,0,48.54,40.64500000000001,55.17,62.58,74.995,56.350535236326124,49.146470828059655,NaN,NaN,13553862,13284833.35,0,7.131576943651136
1509487200,54.65,59.05,53.89,57.4,56.5440253810849,65.48529516495162,61.86513728841506,50.386794930654105,55.95100955682507,0,0,50.55,42.55,61.06,62.19499999999999,74.995,56.350535236326124,51.61767524315766,NaN,NaN,13862322,13377126.8,0,6.990750019104626
1512082800,57.42,60.51,55.82,60.42,56.728595601033234,65.3839892616526,61.85068591553091,50.43696095600083,58.930336518941694,0,0,51.28,43.28,51.56,61.44,74.995,42.80705239510914,54.675087388946515,NaN,NaN,10423488,13241897.6,0,6.826410732025724
1514847600,60.2,66.66,60.1,64.73,57.109614858126896,65.37090947641954,61.879479056375594,50.50842615122083,62.79677883964723,0,0,54.355,46.355,44.76,59.82999999999999,73.38499999999999,46.13294950533997,57.76841572262814,NaN,NaN,14197048,13331777.5,0,6.807381394023886
1517439600,64.76,66.3,58.07,61.64,57.32534748393038,65.29629128689115,61.877084265811845,50.564084020464726,62.025592946549075,0,0,54.355,46.355,20.48,56.345,69.89999999999998,46.80824143319849,61.3729082052253,NaN,NaN,13073242,13414939.7,0,6.908997008736465
1519858800,61.55,66.55,59.95,64.94,57.6879499846956,65.28916546115333,61.907713423153716,50.6359636003624,63.968530982183026,0,0,55.155,46.355,18.84,55.400000000000006,69.145,48.18420694274157,61.3729082052253,NaN,NaN,13735826,13593388.7,0,6.886925793826718
1522620000,64.91,69.55,61.81,68.57,58.20614284256724,65.35478215193027,61.974336288922174,50.72563378236059,67.03617699406101,0,0,57.565,51.45999999999999,35.49,54.690000000000005,69.145,50.55503452234992,61.3729082052253,NaN,NaN,14585001,13687500.9,0,6.947859665696237
1525125600,68.56,72.9,65.92,67.04,58.62680270720689,65.38848650889166,62.02499292603296,50.80720561344879,67.03872566468701,0,0,59.730000000000004,54.07000000000001,39.27,52.675000000000004,69.145,53.08902152063945,64.89552769223444,NaN,NaN,16439047,13829187.25,0,6.950155403860792
1527804000,67.07,74.46,63.4,74.15,59.36600257829228,65.56371677871383,62.14624299677263,50.92391958538155,71.77957522156234,0,0,61.78000000000001,56.824999999999996,40.27,52.675000000000004,69.145,53.08902152063945,64.89552769223444,NaN,NaN,14334750,13944195.8,0,7.24371573215645
1530482400,73.62,75.27,66.29,68.76,59.81333578884979,65.62764244313956,62.2123805668049,51.013099987454645,69.76652507385411,0,0,64.58,57.23,42.61,52.862500000000004,69.145,54.15177468608472,67.15720121584744,NaN,NaN,12291492,13816831.35,0,7.367736037002417
1533074400,68.43,70.5,64.43,69.8,60.28889122747599,65.71108959427677,62.28825676113686,51.10703448751737,69.7888416912847,0,0,65.54500000000002,57.23,40.22,52.862500000000004,69.145,54.15177468608472,67.15720121584744,NaN,NaN,11347783,13807020.25,0,7.275040605787958
1535925600,70.12,73.73,66.86,73.25,60.90608688331047,65.86186780239123,62.39787419352549,51.21774931507978,72.09628056376157,0,0,66.67000000000002,57.23,35.79,52.46500000000001,69.145,54.51018140202143,67.15720121584744,NaN,NaN,11434593,13805720.35,0,7.246109133945962
1538344800,73.29,76.9,64.81,65.31,61.115797031724256,65.85083044634341,62.42699545159024,51.288210568504375,67.57209352125386,0,0,67.485,59.475,45.34,50.61,69.145,54.51018140202143,69.4949552114239,NaN,NaN,14276666,14022961.9,0,7.592101338664108
1541023200,64.88,65.39,49.41,50.93,60.63075907783262,65.55241383741654,62.31202549707434,51.286419515661855,56.47736450708462,0,0,63.155,59.475,48.52,50.0575,69.145,54.51018140202143,70.13300050114461,NaN,70.13300050114461,16674271,14165436.75,0,8.191236957330958
1543791600,52.45,54.55,42.36,45.41,59.90596102650726,65.14956556066821,62.14300524210359,51.25703741808355,49.09912150236154,0,0,59.63,59.475,52.2,51.15,69.145,76.52538616121016,56.41721866828352,NaN,NaN,13870302,14296060.7,0,8.476862888950174
1546383600,45.8,55.37,44.35,53.79,59.61472478714977,64.92237424945485,62.05947518968255,51.26970223099313,52.226373834120515,1,0,59.63,59.475,61.5,49.195,69.145,74.00285877174956,51.26312412820719,NaN,NaN,15399374,14283584,1,8.658515539739447
1548975600,54.01,57.81,51.23,57.22,59.500690273475975,64.76832676446574,62.01108043778573,51.29945371983817,55.55545794470684,0,0,59.63,59.475,59.16,47.505,69.145,74.00285877174956,50.291759247953046,50.291759247953046,NaN,12109922,14049367.45,0,8.510050144043774
1551394800,57.22,60.73,54.52,60.14,59.53113359378664,64.67576022917642,61.99236963340788,51.34365645123898,58.61181931490228,0,0,59.63,59.475,63.58,45.765,69.145,74.00285877174956,53.291701413673984,NaN,NaN,13311951,13894796.7,0,8.345760848040646
1554069600,60.24,66.6,60.13,63.91,59.73965104170156,64.66044502459289,62.011545937073805,51.406488168982776,62.14393977163409,0,0,59.63,59.475,66.32,45.765,69.145,74.00285877174956,57.063354568378344,NaN,NaN,14428896,13655821.6,0,8.211777930323455
1556661600,63.4,63.96,53.05,53.5,59.442524801620536,64.43723612410103,61.92643047770307,51.416955728137864,56.38131325721136,0,1,59.63,59.475,73.47,45.765,69.145,74.00285877174956,60.51534741452035,NaN,NaN,17730735,13854028.55,0,8.404508078157495
1559512800,53.42,59.93,50.6,58.47,59.39621409678146,64.31789140161901,61.89186617292605,51.45222094949717,57.77377108573712,0,0,59.63,59.475,73.95,46.5175,69.145,74.00285877174956,61.4437139761054,NaN,61.4437139761054,14271633,13889917.1,0,8.470614644003387
1561932000,59.27,60.94,54.85,58.58,59.35734675883949,64.20313357358663,61.85874751119679,51.487859844749686,58.311257028579035,0,0,54.48,59.475,68.5,46.48,69.145,74.00285877174956,61.4437139761054,NaN,NaN,13573895,13875495.75,0,8.30057074086029
1564610400,57.85,57.99,50.52,55.1,59.15461596079951,64.02107090211489,61.79116003608482,51.50592054552594,56.17041900952635,0,0,54.48,59.63,75.03,46.29,69.145,73.38227047258134,61.4437139761054,NaN,NaN,15348139,14121728.3,0,8.283387116513126
1567375200,55,63.38,52.84,54.07,58.91249139123763,63.82204948407259,61.71394843572397,51.5187409427983,54.770139669842116,0,0,55.474999999999994,59.63,83.57,45.58,69.145,73.38227047258134,59.750724935884655,NaN,NaN,14664403,14145096.05,0,8.444573751047901
1569880800,54.28,56.92,50.99,54.18,58.687134658321554,63.62920849439114,61.638608951366734,51.53204723808432,54.3767132232807,0,0,58.56,59.63,66.18,44.645,69.145,72.28319871454956,59.750724935884655,NaN,NaN,12737433,14128305.6,0,8.264961340258765
1572559200,54.15,58.74,54.07,55.17,58.51965205554434,63.46002432450332,61.57392286185307,51.55023700189389,54.9055710744269,1,0,58.56,59.63,75.21,44.5925,69.145,72.28319871454956,58.0463577805706,NaN,NaN,10712024,13977115.5,1,8.008178387383138
1575241200,55.47,62.34,55.35,61.06,58.64062100528032,63.412023838013255,61.568783633234546,51.59778581688442,59.00852369147564,0,0,58.56,59.63,88.15,46.55,69.145,72.28319871454956,58.0463577805706,NaN,NaN,10331920,13764461.45,0,7.948308502570057
1577919600,61.6,65.65,50.97,51.56,58.30344857645745,63.17498336125299,61.4686957969022,51.597596887799995,54.04284123049188,0,0,58.08500000000001,59.63,95.72,47.28,68.375,72.28319871454956,58.979146257345036,58.979146257345036,NaN,13434546,13614236.4,0,8.429143609529339
1580684400,51.01,54.66,43.85,44.76,57.658522453768995,62.80668369402793,61.30160883893318,51.563408903360994,47.85428041016396,0,0,54.75,59.63,100.28,50.355,66.86500000000001,70.21130071195157,56.72249327490608,NaN,56.72249327490608,15022909,13648644.35,0,8.599204780277244
1583103600,43.7,48.66,19.27,20.48,55.88811662263714,61.960150020147374,60.893392750543846,51.40799185884419,29.60476013672132,0,0,42.46,48.085,104.69,50.355,66.86500000000001,62.555309949348754,52.40028566059246,NaN,NaN,19528246,14010482.05,0,10.084261581686011
1585692000,20.1,29.13,-40.32,18.84,54.12392059298775,61.09774701974443,60.47285882303841,51.245151899549974,22.428253378907108,0,0,12.665000000000003,18.290000000000003,114.67,50.754999999999995,66.86500000000001,47.80638105470835,28.66168026633608,NaN,NaN,16824885,14284337.15,0,14.32467146870844
1588284000,19.04,35.77,18.05,35.49,53.23659104094071,60.58559207934954,60.22303023480802,51.16637614005222,31.136084459635704,1,0,12.665000000000003,18.290000000000003,105.76,54.51249999999999,66.86500000000001,47.80638105470835,28.66168026633608,NaN,NaN,7093429,14067278.95,1,14.567194935229265
1590962400,35.21,41.63,34.27,39.27,52.57151527708639,60.15928023776255,60.01349993245994,51.10689425935197,36.55869481987857,0,0,12.665000000000003,18.290000000000003,98.62,56.900000000000006,66.86500000000001,47.80638105470835,27.184672163141187,27.184672163141187,NaN,8584724,13782681.85,0,14.052395296998602
1593554400,39.84,42.51,38.54,40.27,51.98572883532037,59.761494633007295,59.81606493313535,51.05270978805521,39.03289827329286,0,0,12.665000000000003,18.290000000000003,89.55,59.3025,66.86500000000001,47.80638105470835,34.891475325616454,NaN,NaN,7605740,13329255.3,0,13.332224204355844
1596405600,40.39,43.78,39.58,42.61,51.539265557447976,59.418464740347154,59.644004283803994,51.010496239114936,41.41763275776429,0,0,12.665000000000003,18.290000000000003,79.49,60.905,66.86500000000001,47.80638105470835,37.48873917062196,NaN,NaN,7117990,12991639.7,0,12.679922475473282
1598911200,42.83,43.43,36.13,40.22,51.00025291185521,59.03449544554021,59.44976424096596,50.95654375791936,40.61921091925476,0,1,12.665000000000003,18.290000000000003,89.15,61.3875,66.86500000000001,47.80638105470835,40.91125899392913,NaN,NaN,7559068,12599624.4,0,12.295642298653762
1601503200,39.9,41.9,34.92,35.79,50.27595515414782,58.5696055366294,59.2131665985563,50.88071103912977,37.39973697308492,0,0,7.169999999999998,18.290000000000003,NaN,61.95,66.86500000000001,47.80638105470835,42.93486122627156,NaN,42.93486122627156,8085130,12398384.8,0,11.915953563035634
1604271600,35.24,46.26,33.64,45.34,50.04090967061697,58.30501342589682,59.07443493257074,50.85300748393413,42.69324565769497,0,0,4.169999999999998,18.290000000000003,NaN,63.480000000000004,66.07000000000002,47.80638105470835,40.55138607238962,NaN,NaN,7716301,12118602.3,0,11.966242594247374
1606777200,45.08,49.43,43.92,48.52,49.968485400587596,58.109313157378885,58.96889058324504,50.84134244651446,46.57774855256499,0,0,4.555,13.139999999999997,NaN,61.315,62.36,47.80638105470835,41.24400747013005,41.24400747013005,NaN,7021981,11748256.55,0,11.50508240894399
1609714800,48.4,53.93,47.18,52.2,50.07474800055962,57.9911268942313,58.901201677412594,50.8481357342819,50.32591618418833,0,0,35.99000000000001,13.139999999999997,NaN,59.5525,60.98,20.228741251220065,45.425181718133274,NaN,NaN,8208362,11272137.9,0,11.16543366544799
1612134000,51.99,63.81,51.64,61.5,50.61880761958059,58.061304356346675,58.92718966063847,50.901395055610486,57.77530539472944,0,0,48.725,13.139999999999997,NaN,59.5525,59.504999999999995,26.170022364004307,49.69595111408655,NaN,NaN,8978178,11007465.15,0,11.237188403630276
1614553200,61.95,67.98,57.25,59.16,51.025531066267234,58.08327826921973,58.92951776403208,50.94268808033244,58.69843513157648,0,0,50.81,13.830000000000002,NaN,59.5525,53.515,30.465926957768684,57.7563757766111,NaN,NaN,11392946,10898417.7,0,11.200960660513829
1617228000,59.49,65.47,57.63,63.58,51.62336292025451,58.193212703835336,58.97602258639176,51.005874639930774,61.952811710525495,0,0,50.81,13.830000000000002,NaN,59.5525,51.475,33.34535557239851,57.7563757766111,NaN,NaN,8215693,10541795.4,0,10.960892041905698
1619992800,63.64,67.52,61.56,66.32,52.323202781194766,58.35574844975863,59.04946236052783,51.08244526673112,64.86427057017517,0,0,50.81,13.830000000000002,NaN,59.5525,51.475,37.14071029492568,59.929431930511306,NaN,NaN,8831521,10250151.3,0,10.603685467483862
1622412000,66.68,74.45,66.41,73.47,53.3301931249474,58.65803348076345,59.19366773692256,51.19438304039746,70.60142352339172,0,0,54.045,17.065,NaN,59.5525,51.475,42.179561583514065,62.38143848264357,NaN,NaN,9010110,10063785.15,0,10.426993648377874
1625090400,73.5,76.98,65.01,73.95,54.3120886904261,58.96387281114818,59.34123105955334,51.308161125195475,72.83380784113058,0,0,55.31,18.330000000000002,NaN,59.5525,51.475,45.265483627335804,69.99585447978619,NaN,NaN,9517837,10004075.8,0,10.537208387779454
1627855200,73.91,73.95,61.74,68.5,54.98770351469153,59.15459535492521,59.43281874895781,51.3941203195695,69.94460261371019,0,1,60.45,18.330000000000002,NaN,56.9775,51.475,45.265483627335804,69.99585447978619,NaN,NaN,8943221,9934640.85,0,10.656693502938065
1630447200,68.55,76.67,67.12,75.03,55.9420985854205,59.47210344782671,59.58879056146822,51.51229971797166,73.33486753790339,0,0,62.07999999999999,18.330000000000002,NaN,57.055,51.475,47.2729063384508,73.75302555495864,NaN,73.75302555495864,8572716,9691549.35,0,10.577643967013918
1633039200,75.12,85.41,74.23,83.57,57.257712938495715,59.954061378870186,59.82860265585354,51.672588219381794,80.15828917930112,0,0,68.525,22.544999999999998,NaN,57.552499999999995,51.475,52.677619607373096,69.7874164113458,69.7874164113458,NaN,10547766,9467792.2,0,10.620669397941494
1635717600,83.36,84.97,64.43,66.18,57.682583750948304,60.07858015129278,59.892116629295,51.74512527828489,70.8394297264337,0,0,71.33,22.544999999999998,NaN,59.095,51.475,52.677619607373096,77.60777025649949,NaN,NaN,10708511,9026805.45,0,11.329193012374244
1638313200,67.01,77.44,62.43,75.21,58.517222619950765,60.38120854826693,60.045295463002056,51.862449651893456,73.75314324214456,0,0,71.52,22.544999999999998,NaN,59.095,51.475,52.677619607373096,78.8378455902855,NaN,78.8378455902855,8312996,8601211,0,11.592107797204653
1641164400,75.69,88.84,74.27,88.15,59.92830725709597,60.9365843773016,60.326342508372036,52.04388740363399,83.35104774738153,0,0,75.2,24.26,NaN,59.095,51.475,52.677619607373096,78.8378455902855,NaN,NaN,8749046,8683991.85,0,11.804814383118607
1643670000,88.15,100.54,86.55,95.72,61.63267357818664,61.63225268975556,60.68027908328831,52.262267966615816,91.59701591579385,0,0,81.13999999999999,30.110000000000003,NaN,58.8575,51.475,57.21725906636708,81.54567776563576,81.54567776563576,NaN,9374193,8723465.3,0,11.960899070038707
1646089200,96.09,130.5,93.53,100.28,63.47302245541585,62.40520763596045,61.076276292455425,52.50235662678274,97.38567197193129,0,0,96.12,45.09,NaN,57.19,51.475,67.59449533236459,85.78781839847153,NaN,NaN,9464119,8816384.25,0,13.747263422178799
1648764000,101.23,109.2,92.93,104.69,65.43573567182463,63.250903483241245,61.51241352953087,52.76329484364883,102.25522399064376,0,0,96.12,45.09,NaN,45.2725,48.085,67.59449533236459,86.08818375482477,NaN,NaN,6072220,8764095.75,0,13.927458892023171
1651442400,104,119.98,98.2,114.67,67.7802244493568,64.27928541357642,62.04398939423556,53.07282836943058,110.53174133021459,0,0,96.465,45.09,NaN,15.477500000000003,18.290000000000003,69.38646321195336,93.85637058280462,NaN,NaN,6008634,8686574.05,0,14.488354685450089
1654034400,115.4,123.68,101.53,105.76,69.58878518986361,65.10889970530489,62.481149500293206,53.336264227583435,107.35058044340487,0,0,96.465,74.275,NaN,15.477500000000003,18.290000000000003,72.24482561024573,106.22486377250193,NaN,NaN,6865835,8625609.3,0,15.035615065060798
1656626400,106.01,111.45,90.56,98.62,70.9712239903463,65.7791217111988,62.84253800529027,53.562682906445524,101.53019348113496,0,0,96.465,82.07,NaN,15.477500000000003,18.290000000000003,72.24482561024573,106.22486377250193,NaN,NaN,6861800,8582884.25,0,15.453785417556455
1659304800,98.46,98.65,85.73,89.55,71.85592760985362,66.25453927697482,63.10961262523737,53.742619491913295,93.54339782704498,0,0,96.465,82.07,NaN,15.477500000000003,18.290000000000003,72.24482561024573,109.22647524779217,NaN,109.22647524779217,7305975,8597083.95,0,15.272800744873852
1661983200,88.83,90.39,76.25,79.49,72.21945486652726,66.51924849143533,63.273416498984986,53.87135639445373,84.17446594234832,0,0,102.38499999999999,82.07,NaN,15.477500000000003,18.290000000000003,72.24482561024573,101.01515308318375,NaN,NaN,6405270,8506929.35,0,15.19188640595429
1664748000,81.02,90,80.87,89.15,73.02567130145454,66.97186352160662,63.53218233399513,54.047749612481454,87.49148864744944,1,0,103.375,82.07,NaN,15.477500000000003,18.290000000000003,72.24482561024573,96.10856280646027,NaN,NaN,1197411,8117891,1,14.857465948386126